Language,English,Reference,Prediction
Malay,"We appreciate the effort, but the point was not to attract attention.","Kami menghargai usaha, tetapi titik itu bukan untuk menarik perhatian.","Kami menghargai usaha itu, tetapi intinya bukan untuk menarik perhatian."
Malay,So he let us go,Jadi dia biarkan kita pergi.,Jadi dia membiarkan kita pergi
Malay,"And they persisted in rejecting them wrongfully and arrogantly, while in their hearts they were convinced of their truth.",Dan mereka mengingkarinya secara zalim dan sombong angkuh sedang hati mereka meyakini kebenarannya.,"Dan mereka tetap mendustakannya dengan tidak benar dan dengan sombong takbur, sedang hati mereka yakin dengan kebenaran itu."
Malay,Drive home from Trenton.,Pulang dari Trenton.,Memandu pulang dari Trenton.
Malay,"Now, SpongeBob loved his job as a fry cook more than anything.",SpongeBob amat menyayangi pekerjaannya sebagai tukang masak lebih dari segala-galanya.,"Sekarang, SpongeBob suka pekerjaannya sebagai seorang juru masak goreng lebih daripada apa-apa."
Chinese,The documents used by the Advisory Committee in its consideration of the financing of ONUB are listed at the end of the present report.,2. 咨询委员会审议ONUB经费的筹措时使用的文件列在本报告末尾。,咨询委员会在审议ONUB资金时使用的文件列出了本报告的最后.
Chinese,"After that, you could forget about Evel Knievel.","在那之后, 你都可以忘了埃维尔·克尼维尔.","之后,你可能会忘记埃维尔·克尼维尔."
Chinese,"Secondly, it is necessary for the inspection work in Iraq to continue.",二． 对伊拉克的核查工作有必要继续进行下去。,"第二,伊拉克的检查工作必须继续."
Chinese,...and then I start.,...我開始了,然后我开始.
Chinese,This is quite definitely real turtle soup.,这是十分明显的，真正的甲鱼汤,这绝对是真正的鱼.
Tamil,A Breakpoint has been hit by the debugger,Name,ஒரு Breakpoint ஒரு பிழைத்திருத்தத்தால் தாக்கப்பட்டிருக்கிறது
Tamil,"""%s"" is not a valid URI","""%s"" செல்லுபடியாகும் யூஆர்ஐ(URI) அல்ல","""%s"" ஒரு செல்லுபடியாகும் URI அல்ல"
Tamil,"And those who believe in the revelations of their Lord,",இன்னும் எவர்கள் தம் இறைவனுடைய வசனங்கள் மீது நம்பிக்கை கொள்கிறார்களோ அவர்களும்,"இன்னும், எவர்கள் தங்கள் இறைவனின் வசனங்களை நம்புகிறார்களோ,"
Tamil,OpenPGP Key Expires Soon,OpenPGP விசை விரைவில் காலாவதியாகும்,OpenPGP விசை விரைவில் காலாவதியாகும்
Tamil,"Among Talh trees with flowers (or fruits) piled one above another,-",(நுனி முதல் அடிவரை) குலை குலையாகப் பழங்களுடை வாழை மரத்தின் கீழும்:,(அவர்கள்) தாலு மரங்களில் (அவர்கள்) ஒருவருக்கொருவர் மேலே (அவர்கள்) செடிகள் ஏற்றப்பட்டிருக்கும்.
